_to,_from,cityFrom,cityTo,distance,time
1,2,Greenock,Glasgow,43.8,
2,3,Glasgow,Preston,,
2,17,Glasgow,Edinburgh,75.4,67
3,4,Preston,Birmingham,793,437
4,5,Birmingham,Southampton,1691,951
4,855,Birmingham,Cambridge,,
6,7,Le Havre,Paris,197,144
6,880,Le Havre,Amiens,182,120
7,8,Paris,Orléans,133,95
7,22,Paris,Calais,295,179
7,23,Paris,Lyon,466,267
7,411,Paris,Brussels,313,203
7,453,Paris,Le Mans,208,132
7,454,Paris,Reims,146,97
7,889,Paris,Chaumont,,
8,9,Orléans,Bordeaux,463,272
8,479,Orléans,Tours,118,79
8,480,Orléans,Montargis,74.3,60
8,561,Orléans,Toulouse,554,323
9,10,Bordeaux,San Sebastián,236,162
9,537,Bordeaux,Clermont-Ferrand,375,233
9,561,Bordeaux,Toulouse,245,148
9,1074,Bordeaux,Angoulême,119,95
10,11,San Sebastián,Burgos,214,136
10,536,San Sebastián,Bilbao,102,72
10,561,San Sebastián,Toulouse,349,206
11,12,Burgos,Madrid,249,152
11,560,Burgos,Valladolid,127,82
12,13,Madrid,Seville,535,304
12,27,Madrid,Barcelona,621,360
12,30,Madrid,Valencia,,
12,559,Madrid,Lisbon,630,358
13,14,Seville,Algeciras,184,115
13,596,Seville,Huelva,92.7,66
13,1138,Seville,Mérida,,
14,34,Algeciras,Málaga,135,88
15,16,Inverness,Perth,,
16,17,Perth,Edinburgh,,
17,18,Edinburgh,Newcastle,193,143
18,19,Newcastle,London,444,306
18,823,Newcastle,Carlisle,,
19,20,London,Folkestone,114,104
19,388,London,Bristol,189,142
19,389,London,Colchester,105,89
19,627,London,Northampton,,
20,21,Folkestone,Dover,,
22,409,Calais,Bruges,113,84
22,885,Calais,Rouen,214,132
23,24,Lyon,Orange,,
23,537,Lyon,Clermont-Ferrand,165,109
23,538,Lyon,Chambéry,107,76
23,1078,Lyon,Pont-d'Ain,58.8,
23,1109,Lyon,Grenoble,111,76
24,25,Orange,Narbonne,,
24,1110,Orange,Marseille,,
25,26,Narbonne,Girona,158,109
26,27,Girona,Barcelona,105,83
27,28,Barcelona,Tarragona,101,79
27,561,Barcelona,Toulouse,395,251
28,29,Tarragona,Castellón de la Plana,188,117
29,30,Castellón de la Plana,Valencia,,
30,31,Valencia,Alicante,,
31,32,Alicante,Murcia,81.5,
32,33,Murcia,Almería,218,134
33,34,Almería,Málaga,200,129
34,1159,Málaga,Granada,131,90
35,36,Hook of Holland,Rotterdam,30.3,
35,392,Hook of Holland,The Hague,19.2,
36,37,Rotterdam,Eindhoven,111,77
36,631,Rotterdam,Ludwigshafen,479,294
37,38,Eindhoven,Maastricht,89.9,66
37,628,Eindhoven,Antwerp,88.0,72
37,863,Eindhoven,Venlo,59.4,
37,1011,Eindhoven,Breda,60.5,
38,39,Maastricht,Liège,36.5,
39,40,Liège,Bastogne,86.8,
39,412,Liège,Leuven,82.3,
39,413,Liège,Eupen,38.8,
39,628,Liège,Antwerp,130,86
39,875,Liège,Namur,65.0,
39,876,Liège,St. Vith,79.1,
39,881,Liège,Charleville-Mézières,182,116
40,41,Bastogne,Arlon,,
41,42,Arlon,Luxembourg,,
42,43,Luxembourg,Metz,99.7,69
42,876,Luxembourg,St. Vith,62.6,
42,881,Luxembourg,Charleville-Mézières,144,112
42,882,Luxembourg,Trier,72.4,
43,44,Metz,Saint-Avold,45.8,
43,50,Metz,Lausanne,378,284
43,51,Metz,Geneva,518,299
43,411,Metz,Brussels,274,177
43,454,Metz,Reims,189,114
43,455,Metz,Saarbrücken,77.6,
44,45,Saint-Avold,Strasbourg,128,80
45,46,Strasbourg,Mulhouse,114,75
45,888,Strasbourg,Appenweier,22.2,
46,47,Mulhouse,Basel,36.7,
46,485,Mulhouse,Belfort,40.6,
46,889,Mulhouse,Chaumont,,
46,1036,Mulhouse,Remiremont,82.2,90
47,48,Basel,Olten,52.8,
47,73,Basel,Offenburg,123,83
47,486,Basel,Zürich,87.4,69
47,890,Basel,Waldshut,64.0,
48,49,Olten,Bern,66.4,
48,74,Olten,Lucerne,54.1,
49,50,Bern,Lausanne,105,76
49,485,Bern,Belfort,151,116
49,629,Bern,Martigny,132,83
50,51,Lausanne,Geneva,63.7,
50,629,Lausanne,Martigny,69.8,
51,52,Geneva,Mont Blanc,,
51,538,Geneva,Chambéry,87.7,67
51,901,Geneva,Mâcon,152,99
52,53,Mont Blanc,Aosta,,
53,54,Aosta,Ivrea,74.3,
53,629,Aosta,Martigny,75.4,81
54,55,Ivrea,Vercelli,52.3,
54,540,Ivrea,Turin,54.1,
55,56,Vercelli,Alessandria,56.1,
56,57,Alessandria,Genoa,86.6,72
56,540,Alessandria,Turin,90.1,70
56,541,Alessandria,Tortona,22.4,
56,912,Alessandria,Asti,,
57,86,Genoa,Rome,500,323
57,541,Genoa,Tortona,76.2,70
57,562,Genoa,Nice,196,145
58,59,Bastia,Porto-Vecchio,143,136
59,60,Porto-Vecchio,Bonifacio,,
61,62,Porto Torres,Sassari,25.3,
62,63,Sassari,Cagliari,215,136
62,1144,Sassari,Olbia,104,76
64,65,Amsterdam,Utrecht,59.2,
64,394,Amsterdam,Amersfoort,59.6,
64,411,Amsterdam,Brussels,206,152
64,842,Amsterdam,Groningen,189,121
65,66,Utrecht,Arnhem,64.8,
65,393,Utrecht,Gouda,,
65,394,Utrecht,Amersfoort,25.4,
65,1012,Utrecht,Gorinchem,42.2,
66,67,Arnhem,Emmerich,34.0,
67,68,Emmerich,Oberhausen,63.4,
68,69,Oberhausen,Cologne,76.5,60
68,669,Oberhausen,Dortmund,49.9,
68,863,Oberhausen,Venlo,57.5,
69,70,Cologne,Frankfurt am Main,190,126
69,414,Cologne,Aachen,73.0,67
69,415,Cologne,Olpe,73.9,
69,630,Cologne,Sarreguemines,289,201
69,633,Cologne,Bremen,315,203
70,71,Frankfurt am Main,Heidelberg,88.7,65
70,417,Frankfurt am Main,Gießen,68.1,
70,456,Frankfurt am Main,Mannheim,84.2,65
70,670,Frankfurt am Main,Aschaffenburg,40.4,
70,879,Frankfurt am Main,Wiesbaden,39.0,
71,72,Heidelberg,Karlsruhe,55.1,
72,73,Karlsruhe,Offenburg,78.5,
72,671,Karlsruhe,Stuttgart,79.0,
72,888,Karlsruhe,Appenweier,71.1,
73,1037,Offenburg,Donaueschingen,88.9,89
74,75,Lucerne,Altdorf,41.5,
75,76,Altdorf,Gotthard Pass,64.1,60
75,486,Altdorf,Zürich,75.9,60
76,77,Gotthard Pass,Bellinzona,70.6,62
77,78,Bellinzona,Lugano,32.1,
77,677,Bellinzona,San Bernardino,,
78,79,Lugano,Chiasso,26.1,
79,80,Chiasso,Como,7.1,
80,81,Como,Milan,50.2,
81,82,Milan,Piacenza,67.8,70
81,540,Milan,Turin,144,115
81,541,Milan,Tortona,77.3,71
81,542,Milan,Brescia,104,85
81,904,Milan,Gravellona Toce,97.0,77
82,83,Piacenza,Parma,64.2,
83,84,Parma,Modena,63.0,
83,632,Parma,La Spezia,124,94
84,85,Modena,Florence,134,107
84,115,Modena,Verona,105,77
84,116,Modena,Bologna,43.0,
85,86,Florence,Rome,273,184
85,914,Florence,Migliarino,175,123
86,154,Rome,Pescara,208,131
86,1143,Rome,San Cesareo,38.1,
87,88,Karesuvanto,Karesuando,2.2,
88,89,Karesuando,Arvidsjaur,449,335
89,90,Arvidsjaur,Östersund,448,350
90,91,Östersund,Mora,,
90,604,Östersund,Trondheim,261,227
90,798,Östersund,Sundsvall,189,154
91,92,Mora,Säffle,,
92,93,Säffle,Gothenburg,194,149
93,374,Gothenburg,Halmstad,144,97
93,375,Gothenburg,Örebro,285,206
93,600,Gothenburg,Oslo,290,195
94,95,Frederikshavn,Aalborg,65.6,
95,96,Aalborg,Aarhus,119,81
95,668,Aalborg,Nørresundby,2.5,
96,97,Aarhus,Vejle,72.1,
97,98,Vejle,Kolding,32.8,
98,99,Kolding,Flensburg,88.1,70
99,100,Flensburg,Hamburg,161,117
100,101,Hamburg,Hanover,159,102
100,137,Hamburg,Berlin,289,190
100,633,Hamburg,Bremen,126,80
100,681,Hamburg,Lübeck,67.7,
101,102,Hanover,Göttingen,123,93
101,397,Hanover,Bad Oeynhausen,78.7,
101,398,Hanover,Braunschweig,66.0,
102,103,Göttingen,Kassel,49.5,
103,104,Kassel,Fulda,116,87
103,669,Kassel,Dortmund,161,110
104,105,Fulda,Würzburg,109,73
105,106,Würzburg,Nuremberg,110,78
105,670,Würzburg,Aschaffenburg,79.6,
105,671,Würzburg,Stuttgart,147,96
105,673,Würzburg,Ulm,,
106,107,Nuremberg,Munich,170,113
106,457,Nuremberg,Heilbronn,171,116
106,458,Nuremberg,Rozvadov,145,98
106,693,Nuremberg,Bayreuth,88.4,68
106,891,Nuremberg,Regensburg,114,81
107,108,Munich,Rosenheim,66.5,
107,144,Munich,Salzburg,144,96
107,673,Munich,Ulm,,
107,674,Munich,Lindau,181,116
107,695,Munich,Deggendorf,145,87
107,1040,Munich,Garmisch-Partenkirchen,89.0,69
107,1044,Munich,Braunau am Inn,121,83
108,109,Rosenheim,Wörgl,55.3,
108,496,Rosenheim,Bad Reichenhall,74.1,
109,110,Wörgl,Innsbruck,60.4,
109,1079,Wörgl,St. Johann in Tirol,32.1,
110,111,Innsbruck,Brenner,54.6,
110,493,Innsbruck,Telfs,32.6,
110,494,Innsbruck,Lauterach,186,135
110,495,Innsbruck,Imst,62.2,
110,1042,Innsbruck,Seefeld,27.0,
111,112,Brenner,Fortezza,,
112,113,Fortezza,Bolzano,,
112,905,Fortezza,Innichen,,
113,114,Bolzano,Trento,58.6,
114,115,Trento,Verona,99.4,72
115,149,Verona,Mestre,110,79
115,542,Verona,Brescia,69.8,
116,117,Bologna,Cesena,92.9,69
117,118,Cesena,Perugia,154,114
117,150,Cesena,Ravenna,35.4,
117,151,Cesena,Rimini,38.9,
118,119,Perugia,Fiano Romano,144,102
119,120,Fiano Romano,Naples,,
120,121,Naples,Salerno,,
120,1145,Naples,Avellino,,
121,122,Salerno,Sicignano degli Alburni,61.7,
121,1145,Salerno,Avellino,40.1,
122,123,Sicignano degli Alburni,Cosenza,207,130
122,1150,Sicignano degli Alburni,Potenza,58.5,
123,124,Cosenza,Villa San Giovanni,177,110
123,1149,Cosenza,Crotone,112,97
125,126,Messina,Catania,95.9,73
125,573,Messina,Palermo,224,151
126,127,Catania,Siracusa,67.2,
126,1161,Catania,Enna,86.0,67
127,128,Siracusa,Gela,137,113
128,572,Gela,Mazara del Vallo,187,158
129,130,Helsingør,Copenhagen,45.0,
130,131,Copenhagen,Køge,45.4,
130,164,Copenhagen,Malmö,42.1,
130,372,Copenhagen,Esbjerg,298,186
131,132,Køge,Vordingborg,59.5,
132,133,Vordingborg,Farø,13.3,
133,134,Farø,Nykøbing Falster,37.2,
133,678,Farø,Rødby,65.0,
134,135,Nykøbing Falster,Gedser,24.6,
136,137,Rostock,Berlin,231,160
136,681,Rostock,Lübeck,124,79
136,843,Rostock,Sassnitz,154,108
137,138,Berlin,Lübbenau,96.9,74
137,169,Berlin,Szczecin,150,112
137,171,Berlin,Świebodzin,182,126
137,399,Berlin,Magdeburg,156,109
137,690,Berlin,Leipzig,190,132
137,994,Berlin,Neubrandenburg,183,118
138,139,Lübbenau,Dresden,104,71
138,864,Lübbenau,Cottbus,36.1,
139,140,Dresden,Ústí nad Labem,69.2,
139,422,Dresden,Chemnitz,77.9,60
139,423,Dresden,Görlitz,110,75
140,141,Ústí nad Labem,Prague,91.0,63
141,142,Prague,Tábor,91.8,68
141,178,Prague,Mladá Boleslav,64.5,
141,179,Prague,Jihlava,128,79
141,459,Prague,Plzeň,95.4,73
141,687,Prague,Karlovy Vary,130,112
141,715,Prague,Hradec Králové,115,76
142,143,Tábor,Linz,158,119
143,144,Linz,Salzburg,132,81
143,497,Linz,Sattledt,36.4,
143,498,Linz,Sankt Pölten,126,81
143,893,Linz,Wels,,
144,145,Salzburg,Villach,194,126
144,496,Salzburg,Bad Reichenhall,24.5,
144,497,Salzburg,Sattledt,96.2,
144,1080,Salzburg,Lofer,52.1,
145,146,Villach,Tarvisio,32.8,
145,701,Villach,Karavanke Tunnel,22.6,
145,906,Villach,Spittal an der Drau,40.0,
145,907,Villach,Klagenfurt,40.3,
146,147,Tarvisio,Udine,100,74
147,148,Udine,Palmanova,20.2,
148,149,Palmanova,Mestre,102,71
148,543,Palmanova,Trieste,52.6,
149,150,Mestre,Ravenna,137,132
151,152,Rimini,Fano,54.9,
152,153,Fano,Ancona,74.1,
152,917,Fano,Sansepolcro,113,106
153,154,Ancona,Pescara,161,111
154,155,Pescara,Canosa di Puglia,246,145
155,156,Canosa di Puglia,Bari,,
155,1146,Canosa di Puglia,Benevento,132,88
156,157,Bari,Brindisi,,
156,576,Bari,Taranto,,
157,576,Brindisi,Taranto,70.9,
158,159,Igoumenitsa,Preveza,86.4,70
158,577,Igoumenitsa,Ioannina,78.1,63
159,160,Preveza,Rhion,165,140
160,161,Rhion,Patras,16.1,
160,210,Rhion,Aigio,36.2,
161,162,Patras,Pyrgos,534,683
162,163,Pyrgos,Kalamata,562,695
163,212,Kalamata,Tripoli,2658,77
164,165,Malmö,Ystad,59.2,
164,373,Malmö,Helsingborg,64.8,
164,599,Malmö,Trelleborg,,
164,844,Malmö,Kalmar,284,197
166,167,Świnoujście,Wolin,30.9,61
167,168,Wolin,Goleniów,58.0,
168,169,Goleniów,Szczecin,37.2,
168,856,Goleniów,Koszalin,133,78
169,170,Szczecin,Gorzów Wielkopolski,105,71
170,171,Gorzów Wielkopolski,Świebodzin,71.1,
171,172,Świebodzin,Zielona Góra,44.0,
171,400,Świebodzin,Poznań,111,77
172,173,Zielona Góra,Legnica,105,75
173,174,Legnica,Jelenia Góra,83.1,64
173,423,Legnica,Görlitz,102,71
173,424,Legnica,Wrocław,78.3,66
173,864,Legnica,Cottbus,155,97
174,175,Jelenia Góra,Harrachov,32.6,
175,176,Harrachov,Železný Brod,32.2,
176,177,Železný Brod,Turnov,14.5,
177,178,Turnov,Mladá Boleslav,32.1,
177,715,Turnov,Hradec Králové,74.2,73
177,1030,Turnov,Teplice,164,98
179,180,Jihlava,Brno,91.2,
179,499,Jihlava,Vienna,164,146
180,181,Brno,Bratislava,131,85
180,460,Brno,Trenčín,136,127
180,499,Brno,Vienna,140,109
180,1031,Brno,Olomouc,79.4,60
180,1032,Brno,Svitavy,69.0,70
181,182,Bratislava,Rajka,21.6,
181,234,Bratislava,Žilina,203,117
181,235,Bratislava,Győr,82.0,68
181,499,Bratislava,Vienna,78.7,
181,735,Bratislava,Zvolen,196,112
181,1049,Bratislava,Dunajská Streda,47.0,
182,183,Rajka,Csorna,56.5,
183,184,Csorna,Szombathely,69.1,
184,185,Szombathely,Zalaegerszeg,56.4,
185,186,Zalaegerszeg,Nagykanizsa,51.5,
186,187,Nagykanizsa,Letenye,22.5,
186,188,Nagykanizsa,Zagreb,134,96
186,718,Nagykanizsa,Balatonvilágos,121,72
187,188,Letenye,Zagreb,116,83
187,1083,Letenye,Torniyiszentmiklós,21.1,
188,189,Zagreb,Karlovac,53.3,
188,545,Zagreb,Ljubljana,138,103
188,546,Zagreb,Slavonski Brod,191,119
188,699,Zagreb,Maribor,116,100
189,190,Karlovac,Rijeka,113,75
189,719,Karlovac,Knin,251,157
190,191,Rijeka,Split,,
190,543,Rijeka,Trieste,76.1,84
190,1113,Rijeka,Pula,109,88
191,192,Split,Dubrovnik,,
191,719,Split,Knin,,
192,193,Dubrovnik,Petrovac,111,159
192,194,Dubrovnik,Podgorica,150,154
193,194,Petrovac,Podgorica,53.2,
193,1153,Petrovac,Prizren,244,229
194,195,Podgorica,Bijelo Polje,121,123
194,196,Podgorica,Pristina,318,260
194,1116,Podgorica,Sarajevo,230,245
195,196,Bijelo Polje,Pristina,191,199
195,1124,Bijelo Polje,Nova Varoš,78.1,90
196,197,Pristina,Skopje,93.0,82
196,241,Pristina,Niš,292,203
196,1153,Pristina,Prizren,85.3,69
197,198,Skopje,Kičevo,111,100
197,242,Skopje,Kumanovo,40.5,
197,243,Skopje,Veles,54.6,
198,199,Kičevo,Ohrid,62.1,
199,200,Ohrid,Bitola,69.1,68
200,201,Bitola,Niki,,
201,202,Niki,Vevi,,
202,203,Vevi,Kozani,63.5,
203,204,Kozani,Larissa,121,112
203,246,Kozani,Thessaloniki,125,88
203,577,Kozani,Ioannina,144,104
204,205,Larissa,Domokos,75.2,74
204,206,Larissa,Lamia,150,101
204,247,Larissa,Katerini,83.5,60
204,931,Larissa,Trikala,62.2,
204,932,Larissa,Volos,64.1,
205,206,Domokos,Lamia,38.3,
206,207,Lamia,Brallos,32.8,
206,248,Lamia,Athens,213,138
206,1170,Lamia,Karpenisi,73.2,83
207,208,Brallos,Itea,,
208,209,Itea,Antirrio,,
210,211,Aigio,Corinth,99.9,63
211,212,Corinth,Tripoli,2505,75
211,933,Corinth,Megara,,
212,1171,Tripoli,Sparti,2585,77
213,214,Kissamos,Chania,37.8,
214,249,Chania,Heraklion,144,120
215,216,Vardø,Vadsø,74.2,63
216,217,Vadsø,Varangerbotn,49.5,
217,218,Varangerbotn,Utsjoki,78.2,64
217,288,Varangerbotn,Kirkenes,123,101
217,616,Varangerbotn,Karasjok,197,148
218,219,Utsjoki,Inari,,
219,220,Inari,Ivalo,,
220,221,Ivalo,Sodankylä,159,112
221,222,Sodankylä,Rovaniemi,129,92
221,703,Sodankylä,Kemijärvi,99.6,81
222,223,Rovaniemi,Kemi,,
223,224,Kemi,Oulu,,
223,802,Kemi,Tornio,,
224,225,Oulu,Jyväskylä,339,248
224,808,Oulu,Kokkola,199,157
225,226,Jyväskylä,Heinola,133,98
225,708,Jyväskylä,Kuopio,148,114
225,709,Jyväskylä,Tampere,149,117
226,227,Heinola,Lahti,38.2,
227,228,Lahti,Helsinki,110,85
228,811,Helsinki,Hämeenlinna,101,76
228,834,Helsinki,Turku/Naantali,182,125
228,835,Helsinki,Kotka,133,97
229,230,Gdańsk,Świecie,120,80
229,730,Gdańsk,Kaliningrad,166,129
229,731,Gdańsk,Elbląg,60.5,
229,858,Gdańsk,Gdynia,21.4,
230,231,Świecie,Łódź,246,147
230,400,Świecie,Poznań,186,154
231,232,Łódź,Piotrków Trybunalski,47.4,
232,233,Piotrków Trybunalski,Katowice,159,121
232,401,Piotrków Trybunalski,Warsaw,136,90
232,424,Piotrków Trybunalski,Wrocław,226,157
233,234,Katowice,Žilina,168,140
233,427,Katowice,Zabrze,21.5,
233,428,Katowice,Kraków,81.0,62
233,1033,Katowice,Český Těšín,90.9,71
234,1031,Žilina,Olomouc,149,132
235,236,Győr,Budapest,121,79
235,1051,Győr,Vámosszabadi,9.8,
236,237,Budapest,Szeged,175,110
236,501,Budapest,Mosonmagyaróvár,162,96
236,502,Budapest,Szolnok,111,92
236,717,Budapest,Miskolc,186,118
236,718,Budapest,Balatonvilágos,92.8,
236,720,Budapest,Szekszárd,156,92
236,735,Budapest,Zvolen,158,145
237,238,Szeged,Subotica,45.5,
237,910,Szeged,Arad,103,77
238,239,Subotica,Novi Sad,103,71
238,1092,Subotica,Sombor,58.2,
239,240,Novi Sad,Belgrade,93.8,63
240,241,Belgrade,Niš,237,145
240,546,Belgrade,Slavonski Brod,205,131
240,547,Belgrade,Vršac,85.5,94
240,1118,Belgrade,Čačak,141,101
241,242,Niš,Kumanovo,165,115
241,549,Niš,Drobeta-Turnu Severin,227,217
241,563,Niš,Sofia,159,133
242,1154,Kumanovo,Kyustendil,99.3,101
243,244,Veles,Gevgelija,101,67
244,245,Gevgelija,Evzoni,8.8,
245,246,Evzoni,Thessaloniki,82.2,60
246,247,Thessaloniki,Katerini,70.6,
246,276,Thessaloniki,Alexandroupoli,301,187
246,747,Thessaloniki,Serres,84.6,68
249,250,Heraklion,Agios Nikolaos,62.4,
250,251,Agios Nikolaos,Sitia,69.8,78
252,253,Klaipėda,Kaunas,215,132
252,1009,Klaipėda,Palanga,33.3,
253,254,Kaunas,Vilnius,104,77
253,401,Kaunas,Warsaw,430,308
253,711,Kaunas,Riga,261,213
253,995,Kaunas,Ukmergė,70.1,66
254,255,Vilnius,Lida,97.5,103
254,403,Vilnius,Minsk,188,155
254,860,Vilnius,Marijampolė,161,110
254,995,Vilnius,Ukmergė,73.1,
255,256,Lida,Slonim,101,85
256,257,Slonim,Kobryn,146,105
257,258,Kobryn,Dubno,258,230
258,259,Dubno,Ternopil,108,96
259,260,Ternopil,Chernivtsi,168,176
259,466,Ternopil,Stryj,195,167
259,467,Ternopil,Khmelnytskyi,111,100
260,261,Chernivtsi,Siret,41.1,
261,262,Siret,Suceava,49.5,
262,263,Suceava,Roman,,
262,748,Suceava,Halmeu,364,386
262,894,Suceava,Iaşi,147,147
263,264,Roman,Urziceni,,
264,265,Urziceni,Bucharest,59.2,68
264,510,Urziceni,Slobozia,61.8,
265,266,Bucharest,Giurgiu,62.7,65
265,509,Bucharest,Ploieşti,79.0,64
265,512,Bucharest,Constanţa,227,136
265,551,Bucharest,Alexandria,,
265,753,Bucharest,Piteşti,120,90
266,267,Giurgiu,Ruse,14.3,
267,268,Ruse,Byala,220,164
267,552,Ruse,Razgrad,64.0,
268,269,Byala,Veliko Tarnovo,249,192
268,754,Byala,Pleven,327,254
269,270,Veliko Tarnovo,Stara Zagora,106,94
269,553,Veliko Tarnovo,Shumen,140,117
269,1125,Veliko Tarnovo,Yablanitsa,135,101
270,271,Stara Zagora,Haskovo,59.9,
270,760,Stara Zagora,Burgas,173,112
270,1126,Stara Zagora,Popovica,718,459
271,272,Haskovo,Svilengrad,74.8,
272,273,Svilengrad,Ormenio,15.1,
273,274,Ormenio,Kastanies,28.6,
274,275,Kastanies,Didymoteicho,37.9,
275,276,Didymoteicho,Alexandroupoli,94.2,64
276,578,Alexandroupoli,Gelibolu,144,108
277,278,Saint Petersburg,Pskov,299,236
277,284,Saint Petersburg,Moscow,706,464
277,290,Saint Petersburg,Petrozavodsk,427,324
277,378,Saint Petersburg,Narva,159,149
277,837,Saint Petersburg,Vyborg,137,113
278,279,Pskov,Gomel,671,517
278,711,Pskov,Riga,279,232
279,280,Gomel,Kiev,260,221
279,1008,Gomel,Babruysk,160,114
280,281,Kiev,Odessa,475,331
280,287,Kiev,Hlukhiv,306,221
280,292,Kiev,Kharkiv,499,405
280,433,Kiev,Rivne,327,223
280,434,Kiev,Zhytomyr,140,107
281,756,Odessa,Izmail,257,235
281,896,Odessa,Chişinău,195,188
281,897,Odessa,Mykolaiv,133,123
282,283,Samsun,Merzifon,106,82
282,555,Samsun,Ordu,148,124
284,285,Moscow,Kaluga,197,166
284,291,Moscow,Orel,364,295
284,296,Moscow,Yaroslavl,264,227
284,297,Moscow,Voronezh,515,367
284,310,Moscow,Tambov,460,353
284,404,Moscow,Smolensk,396,293
284,405,Moscow,Ryazan,202,191
284,847,Moscow,Velikiye Luki,470,330
284,848,Moscow,Vladimir,,
285,286,Kaluga,Bryansk,226,165
286,287,Bryansk,Hlukhiv,215,161
287,865,Hlukhiv,Kursk,187,169
288,289,Kirkenes,Murmansk,223,195
289,290,Murmansk,Petrozavodsk,934,688
291,292,Orel,Kharkiv,379,316
292,293,Kharkiv,Simferopol,659,529
292,435,Kharkiv,Luhansk,325,338
293,294,Simferopol,Alushta,47.1,
294,295,Alushta,Yalta,36.4,
297,298,Voronezh,Novorossiysk,998,728
297,865,Voronezh,Kursk,222,182
297,866,Voronezh,Saratov,516,395
298,782,Novorossiysk,Dzhankoy,362,301
298,783,Novorossiysk,Sochi,281,322
299,300,Mineralnye Vody,Nalchik,105,94
299,314,Mineralnye Vody,Makhachkala,428,385
299,474,Mineralnye Vody,Armavir,716,696
300,301,Nalchik,Vladikavkaz,115,111
301,302,Vladikavkaz,Stepantsminda,45.5,
302,303,Stepantsminda,Mtskheta,132,146
303,304,Mtskheta,Tbilisi,24.9,
304,305,Tbilisi,Marneuli,45.5,
304,519,Tbilisi,Gori,88.7,80
304,520,Tbilisi,Rustavi,36.3,
305,306,Marneuli,Bolnisi,23.1,
305,942,Marneuli,Sadakhlo,34.3,
306,307,Bolnisi,Yerevan,210,254
307,308,Yerevan,Goris,239,235
308,309,Goris,Megri,157,220
310,311,Tambov,Povorino,200,154
311,312,Povorino,Volgograd,354,258
312,313,Volgograd,Astrakhan,424,348
312,435,Volgograd,Luhansk,460,384
313,314,Astrakhan,Makhachkala,508,419
313,321,Astrakhan,Atyrau,361,437
314,315,Makhachkala,Kuba,,
315,316,Kuba,Baku,,
316,317,Baku,Alyat,78.1,69
316,522,Baku,Yevlakh,294,203
317,318,Alyat,Astara,,
317,945,Alyat,Saatly Rayon,115,100
319,320,Samara,Oral,,
319,406,Samara,Penza,428,344
319,407,Samara,Ufa,462,379
320,321,Oral,Atyrau,,
320,866,Oral,Saratov,,
320,867,Oral,Aktobe,,
321,322,Atyrau,Beineu,436,332
321,436,Atyrau,Beyneu,436,332
322,323,Beineu,Shetpe,309,215
323,324,Shetpe,Zhetybai,,
324,325,Zhetybai,Fetisovo,,
325,326,Fetisovo,Bekdash,157,203
326,327,Bekdash,Türkmenbaşy,198,180
327,328,Türkmenbaşy,Gyzylarbat,359,229
328,523,Gyzylarbat,Ashgabat,218,147
329,330,Chelyabinsk,Kostanay,320,273
329,407,Chelyabinsk,Ufa,420,370
329,408,Chelyabinsk,Kurgan,267,217
330,331,Kostanay,Esil,,
331,332,Esil,Derzhavinsk,,
332,333,Derzhavinsk,Arkalyk,110,116
333,334,Arkalyk,Jezkazgan,335,274
334,335,Jezkazgan,Kyzylorda,430,318
334,343,Jezkazgan,Karaganda,530,408
335,336,Kyzylorda,Shymkent,456,350
335,870,Kyzylorda,Novokazalinsk,326,261
336,337,Shymkent,Tashkent,130,119
336,444,Shymkent,Zhambyl,180,160
337,338,Tashkent,Ayni,,
337,443,Tashkent,Jizzakh,201,168
337,954,Tashkent,Kokand,237,234
338,339,Ayni,Dushanbe,,
338,954,Ayni,Kokand,,
339,340,Dushanbe,Panji Poyon,178,221
339,531,Dushanbe,Termez,250,258
339,532,Dushanbe,Jirgatal,,
339,957,Dushanbe,Kulob,196,210
341,342,Ishim,Astana,,
341,350,Ishim,Omsk,,
341,408,Ishim,Kurgan,,
341,854,Ishim,Tyumen,,
342,343,Astana,Karaganda,263,248
342,976,Astana,Atbasar,266,229
343,344,Karaganda,Balkhash,,
343,351,Karaganda,Pavlodar,443,367
344,345,Balkhash,Burubaytal,,
345,346,Burubaytal,Almaty,,
346,347,Almaty,Bishkek,240,259
346,445,Almaty,Sary-Ozek,178,135
346,965,Almaty,Kokpek,181,137
347,348,Bishkek,Naryn,316,269
347,444,Bishkek,Zhambyl,313,256
347,956,Bishkek,Osh,,
348,349,Naryn,Torugart Pass,184,158
350,351,Omsk,Pavlodar,419,320
351,352,Pavlodar,Semey,333,261
351,977,Pavlodar,Uspenovka,1198,918
352,353,Semey,Georgiyevka,,
353,354,Georgiyevka,Maikapshagai,,
353,449,Georgiyevka,Ayagoz,,
353,450,Georgiyevka,Oskemen,,
355,356,Å,Svolvær,129,138
357,358,Melbu,Sortland,43.6,
358,359,Sortland,Lødingen,55.4,
359,360,Lødingen,Evenes,74.8,71
360,361,Evenes,Narvik,59.8,
361,362,Narvik,Kiruna,173,149
361,611,Narvik,Ballangen,42.0,
361,612,Narvik,Setermoen,73.0,68
362,363,Kiruna,Töre,289,210
363,364,Töre,Luleå,54.5,
364,800,Luleå,Umeå,266,198
364,801,Luleå,Haparanda,128,94
365,366,Shannon,Limerick,22.2,
366,367,Limerick,Dublin,196,134
367,382,Dublin,Rosslare,172,123
367,590,Dublin,Drogheda,49.4,
368,369,Liverpool,Manchester,,
369,370,Manchester,Leeds,71.8,62
369,840,Manchester,Warrington,,
370,371,Leeds,Kingston upon Hull,101,73
370,623,Leeds,Doncaster,52.8,
373,374,Helsingborg,Halmstad,80.7,
373,793,Helsingborg,Jönköping,235,158
375,376,Örebro,Stockholm,197,134
375,831,Örebro,Karlstad,109,80
375,832,Örebro,Västerås,94.4,67
376,796,Stockholm,Södertälje,36.0,
376,797,Stockholm,Uppsala,71.0,
377,378,Tallinn,Narva,211,153
377,711,Tallinn,Riga,309,247
377,998,Tallinn,Tartu,186,137
377,1006,Tallinn,Keila,26.9,
379,380,Cork,Waterford,,
379,986,Cork,Portlaoise,168,106
380,381,Waterford,Wexford,,
381,382,Wexford,Rosslare,18.7,
383,384,Fishguard,Swansea,114,92
384,385,Swansea,Bridgend,38.1,
385,386,Bridgend,Cardiff,33.0,
386,387,Cardiff,Newport,,
387,388,Newport,Bristol,,
389,390,Colchester,Ipswich,,
389,861,Colchester,Harwich,,
390,391,Ipswich,Felixstowe,,
390,855,Ipswich,Cambridge,,
392,393,The Hague,Gouda,,
394,395,Amersfoort,Oldenzaal,116,83
394,987,Amersfoort,Hoogeveen,117,77
395,396,Oldenzaal,Osnabrück,86.9,65
396,397,Osnabrück,Bad Oeynhausen,61.1,
397,669,Bad Oeynhausen,Dortmund,141,92
398,399,Braunschweig,Magdeburg,95.9,65
399,682,Magdeburg,Halle,86.3,63
400,401,Poznań,Warsaw,311,187
400,424,Poznań,Wrocław,182,119
401,402,Warsaw,Brest,2126,1223
401,731,Warsaw,Elbląg,283,191
401,732,Warsaw,Radom,105,85
401,1019,Warsaw,Lublin,171,124
402,403,Brest,Minsk,2664,62
402,452,Brest,Rennes,243,153
402,475,Brest,Lorient,135,87
403,404,Minsk,Smolensk,330,235
403,1008,Minsk,Babruysk,144,113
405,406,Ryazan,Penza,446,347
407,851,Ufa,Yelabuga,326,269
409,410,Bruges,Ghent,52.1,
409,862,Bruges,Zeebrugge,18.0,
409,1024,Bruges,Roeselare,37.9,
410,411,Ghent,Brussels,57.0,
411,412,Brussels,Leuven,30.2,
412,1014,Leuven,Hasselt,56.0,
413,414,Eupen,Aachen,18.8,
413,876,Eupen,St. Vith,59.6,
413,1029,Eupen,Eynatten,8.3,
414,1015,Aachen,Heerlen,19.8,
415,416,Olpe,Wetzlar,86.3,65
416,417,Wetzlar,Gießen,16.0,
416,669,Wetzlar,Dortmund,160,107
416,670,Wetzlar,Aschaffenburg,102,62
416,883,Wetzlar,Koblenz,95.0,68
417,418,Gießen,Bad Hersfeld,90.0,66
418,419,Bad Hersfeld,Eisenach,56.7,
419,420,Eisenach,Erfurt,69.4,
420,421,Erfurt,Gera,84.7,60
421,422,Gera,Chemnitz,67.0,
421,690,Gera,Leipzig,69.1,69
421,691,Gera,Hirschberg,80.5,
422,683,Chemnitz,Plauen,74.8,
424,425,Wrocław,Opole,97.4,80
424,712,Wrocław,Kłodzko,90.5,89
425,426,Opole,Gliwice,82.3,61
426,427,Gliwice,Zabrze,12.9,
428,429,Kraków,Rzeszów,168,104
428,732,Kraków,Radom,197,143
428,733,Kraków,Trstená,111,104
429,430,Rzeszów,Jarosław,59.6,
429,732,Rzeszów,Radom,192,178
429,1016,Rzeszów,Barwinek,479,271
430,431,Jarosław,Korczowa,44.0,
431,432,Korczowa,Lviv,77.9,86
432,433,Lviv,Rivne,211,168
432,465,Lviv,Mukachevo,229,205
432,1019,Lviv,Lublin,218,206
433,434,Rivne,Zhytomyr,189,132
433,1020,Rivne,Kovel,150,134
434,468,Zhytomyr,Vinnytsia,128,108
436,437,Beyneu,Qo‘ng‘irot,403,441
437,438,Qo‘ng‘irot,Nukus,114,106
438,439,Nukus,Daşoguz,139,127
439,440,Daşoguz,Bukhara,492,416
439,523,Daşoguz,Ashgabat,598,487
439,950,Daşoguz,Uchkuduk,472,409
440,441,Bukhara,Navoiy,115,115
440,527,Bukhara,Alat,,
440,528,Bukhara,Karshi,3560,79
440,950,Bukhara,Uchkuduk,362,294
441,442,Navoiy,Samarkand,170,170
442,443,Samarkand,Jizzakh,110,112
442,953,Samarkand,Guza,,
445,446,Sary-Ozek,Taldykorgan,92.0,73
445,969,Sary-Ozek,Koktal,331,231
446,447,Taldykorgan,Ucharal,359,377
447,448,Ucharal,Taskesken,145,176
448,449,Taskesken,Ayagoz,103,115
448,973,Taskesken,Bakhty,173,134
450,451,Oskemen,Ridder,,
452,453,Rennes,Le Mans,153,99
453,478,Le Mans,Angers,98.4,72
453,479,Le Mans,Tours,97.9,69
453,885,Le Mans,Rouen,211,131
454,874,Reims,Charleroi,,
454,881,Reims,Charleville-Mézières,85.8,64
454,885,Reims,Rouen,291,171
455,456,Saarbrücken,Mannheim,134,87
455,882,Saarbrücken,Trier,96.5,72
456,457,Mannheim,Heilbronn,80.4,63
458,459,Rozvadov,Plzeň,68.0,
459,687,Plzeň,Karlovy Vary,81.1,70
459,688,Plzeň,České Budějovice,135,121
459,694,Plzeň,Bayerisch Eisenstein,85.2,83
460,461,Trenčín,Prešov,297,187
460,1045,Trenčín,Žiar nad Hronom,99.4,86
461,462,Prešov,Košice,37.4,
461,1018,Prešov,Svidník,54.8,
462,463,Košice,Vyšné Nemecké,90.9,83
462,464,Košice,Uzhhorod,152,152
462,717,Košice,Miskolc,87.1,84
462,735,Košice,Zvolen,211,163
463,464,Vyšné Nemecké,Uzhhorod,80.2,88
464,465,Uzhhorod,Mukachevo,40.6,
464,1047,Uzhhorod,Chop,,
465,466,Mukachevo,Stryj,159,138
465,748,Mukachevo,Halmeu,76.5,91
467,468,Khmelnytskyi,Vinnytsia,120,124
468,469,Vinnytsia,Uman,161,143
468,1067,Vinnytsia,Mohyliv-Podilskyi,118,107
469,470,Uman,Kirovohrad,170,164
470,471,Kirovohrad,Dnipropetrovsk,265,270
470,896,Kirovohrad,Chişinău,327,370
470,1068,Kirovohrad,Poltava,255,245
471,472,Dnipropetrovsk,Donetsk,268,267
472,473,Donetsk,Rostov-on-Don,205,183
473,474,Rostov-on-Don,Armavir,1197,1037
473,899,Rostov-on-Don,Taganrog,73.1,78
475,476,Lorient,Vannes,58.5,
476,477,Vannes,Nantes,113,82
477,478,Nantes,Angers,90.8,66
477,900,Nantes,Poitiers,219,133
478,479,Angers,Tours,127,83
479,620,Tours,Vierzon,129,78
480,481,Montargis,Auxerre,85.1,
481,482,Auxerre,Beaune,146,87
482,483,Beaune,Dole,,
482,628,Beaune,Antwerp,613,357
483,484,Dole,Besançon,,
484,485,Besançon,Belfort,95.1,72
486,487,Zürich,Winterthur,,
487,488,Winterthur,St. Gallen,,
487,672,Winterthur,Schaffhausen,,
488,489,St. Gallen,St. Margrethen,27.9,
489,490,St. Margrethen,Bregenz,12.5,
489,675,St. Margrethen,Buchs,39.6,
490,491,Bregenz,Feldkirch,33.3,
490,674,Bregenz,Lindau,20.2,
491,492,Feldkirch,Landeck,82.7,70
491,494,Feldkirch,Lauterach,30.1,
491,495,Feldkirch,Imst,100,84
492,493,Landeck,Telfs,46.0,
497,696,Sattledt,Liezen,76.3,
497,893,Sattledt,Wels,,
498,499,Sankt Pölten,Vienna,65.3,
499,500,Vienna,Nickelsdorf,72.1,
499,689,Vienna,Halámky,148,115
499,698,Vienna,Graz,199,129
500,501,Nickelsdorf,Mosonmagyaróvár,20.8,
502,503,Szolnok,Püspökladány,80.7,67
503,504,Püspökladány,Oradea,90.9,92
503,1046,Püspökladány,Nyíregyháza,98.4,78
504,505,Oradea,Cluj-Napoca,158,160
504,737,Oradea,Berettyóújfalu,41.8,
504,738,Oradea,Beiuş,63.9,68
504,749,Oradea,Satu Mare,140,122
504,910,Oradea,Arad,114,105
505,506,Cluj-Napoca,Turda,34.1,
505,750,Cluj-Napoca,Zalău,86.3,93
505,1052,Cluj-Napoca,Dej,,
506,507,Turda,Târgu Mureş,76.1,81
506,751,Turda,Sebeş,81.9,79
507,508,Târgu Mureş,Braşov,169,156
508,509,Braşov,Ploieşti,111,109
508,752,Braşov,Sibiu,144,136
508,753,Braşov,Piteşti,140,169
508,1048,Braşov,Bacău,179,179
509,1053,Ploieşti,Buzău,71.6,67
510,511,Slobozia,Hârşova,87.6,71
510,758,Slobozia,Galaţi,117,99
511,512,Hârşova,Constanţa,88.5,74
512,513,Constanţa,Agigea,8.5,
512,554,Constanţa,Varna,159,135
512,759,Constanţa,Tulcea,128,107
513,1095,Agigea,Negru Vodă,47.8,
514,515,Poti,Senaki,37.5,
514,558,Poti,Batumi,75.1,82
515,516,Senaki,Samtredia,27.3,
515,785,Senaki,Zugdidi,44.4,
516,517,Samtredia,Kutaisi,41.9,
516,1108,Samtredia,Lanchkhuti,33.6,
517,518,Kutaisi,Khashuri,101,106
518,519,Khashuri,Gori,51.8,
520,521,Rustavi,Ganja,,
521,522,Ganja,Yevlakh,,
523,524,Ashgabat,Tejen,225,157
523,951,Ashgabat,Gaudan,,
524,525,Tejen,Mary,148,118
525,526,Mary,Türkmenabat,247,208
526,527,Türkmenabat,Alat,,
528,529,Karshi,Guzar,3765,81
529,530,Guzar,Sherobod,160,151
530,531,Sherobod,Termez,62.3,66
532,533,Jirgatal,Sary Tash,,
532,959,Jirgatal,Khorugh,,
533,534,Sary Tash,Irkeshtam,69.5,73
534,956,Irkeshtam,Osh,,
535,536,A Coruña,Bilbao,542,317
535,591,A Coruña,Pontevedra,133,83
536,1139,Bilbao,Logroño,136,86
537,621,Clermont-Ferrand,Montluçon,113,77
537,622,Clermont-Ferrand,Montpellier,332,205
538,539,Chambéry,Susa,4889,125
538,1110,Chambéry,Marseille,339,216
539,540,Susa,Turin,4761,122
540,1112,Turin,Savona,,
541,542,Tortona,Brescia,161,108
543,544,Trieste,Postojna,46.7,
543,545,Trieste,Ljubljana,93.9,72
544,545,Postojna,Ljubljana,53.1,
545,699,Ljubljana,Maribor,127,83
545,702,Ljubljana,Naklo,33.6,
547,548,Vršac,Timişoara,75.6,73
548,549,Timişoara,Drobeta-Turnu Severin,229,194
548,910,Timişoara,Arad,60.8,
549,550,Drobeta-Turnu Severin,Craiova,111,95
550,551,Craiova,Alexandria,,
550,741,Craiova,Târgu Jiu,111,96
550,742,Craiova,Calafat,2480,62
550,753,Craiova,Piteşti,124,120
552,553,Razgrad,Shumen,48.0,
553,554,Shumen,Varna,88.8,61
554,760,Varna,Burgas,131,118
555,556,Ordu,Giresun,47.5,
556,557,Giresun,Trabzon,130,111
557,558,Trabzon,Batumi,206,180
559,560,Lisbon,Valladolid,587,338
559,593,Lisbon,Porto,,
559,594,Lisbon,Albufeira,256,143
561,562,Toulouse,Nice,560,329
562,911,Nice,Cuneo,127,147
563,564,Sofia,Plovdiv,146,104
563,745,Sofia,Botevgrad,64.1,
563,746,Sofia,Blagoevgrad,102,75
563,1154,Sofia,Kyustendil,104,85
564,565,Plovdiv,Istanbul,418,290
565,566,Istanbul,İzmit,104,85
566,567,İzmit,Gerede,214,154
566,580,İzmit,Bursa,134,101
567,568,Gerede,Amasya,357,251
567,775,Gerede,Kızılcahamam,61.5,
568,569,Amasya,Erzurum,559,396
569,570,Erzurum,Gürbulak,311,226
570,571,Gürbulak,Iran,1336,899
572,573,Mazara del Vallo,Palermo,135,99
574,575,Reggio Calabria,Metaponto,340,216
575,576,Metaponto,Taranto,49.2,
575,1150,Metaponto,Potenza,109,77
577,931,Ioannina,Trikala,124,122
577,1164,Ioannina,Arta,70.8,
578,766,Gelibolu,Keşan,76.7,
578,767,Gelibolu,Ayvalık,216,219
579,580,Lapseki,Bursa,241,175
580,581,Bursa,Ankara,389,282
580,1155,Bursa,Balıkesir,147,98
581,582,Ankara,Adana,486,323
581,775,Ankara,Kızılcahamam,80.6,66
581,928,Ankara,Yozgat,216,156
582,583,Adana,Nusaybin,585,388
583,584,Nusaybin,Khabur River,577,483
584,585,Khabur River,Iraq,496,437
586,587,Larne,Belfast,36.7,
587,588,Belfast,Newry,62.3,
587,812,Belfast,Derry,113,90
587,820,Belfast,Craigavon,44.2,
588,589,Newry,Dundalk,,
589,590,Dundalk,Drogheda,,
591,592,Pontevedra,Valença,113,96
592,593,Valença,Porto,,
593,918,Porto,Vila Real,,
594,595,Albufeira,Castro Marim,91.7,60
595,596,Castro Marim,Huelva,56.4,
597,598,Cherbourg-Octeville,La Rochelle,482,303
597,884,Cherbourg-Octeville,Caen,122,81
598,1072,La Rochelle,Niort,63.0,
598,1073,La Rochelle,Saintes,74.1,
600,601,Oslo,Hamar,126,92
600,819,Oslo,Sandvika,14.5,
600,829,Oslo,Drammen,42.9,
600,830,Oslo,Askim,54.5,
601,602,Hamar,Lillehammer,61.1,64
602,603,Lillehammer,Dombås,154,124
603,604,Dombås,Trondheim,197,170
603,985,Dombås,Åndalsnes,105,89
604,605,Trondheim,Stjørdal,33.3,
604,634,Trondheim,Orkanger,41.0,
605,606,Stjørdal,Steinkjer,86.5,74
606,607,Steinkjer,Mosjøen,270,237
607,608,Mosjøen,Mo i Rana,87.8,85
608,609,Mo i Rana,Rognan,148,125
608,800,Mo i Rana,Umeå,474,381
609,610,Rognan,Fauske,,
612,613,Setermoen,Alta,,
613,614,Alta,Olderfjord,,
614,615,Olderfjord,Lakselv,63.3,
614,716,Olderfjord,Nordkapp,128,131
615,616,Lakselv,Karasjok,73.9,
617,618,Pau  Pyrénées-Atlantiques,Jaca,112,114
618,619,Jaca,Zaragoza,142,94
619,1139,Zaragoza,Logroño,170,105
620,621,Vierzon,Montluçon,122,80
623,624,Doncaster,Sheffield,38.4,
623,841,Doncaster,Immingham,71.5,
624,625,Sheffield,Nottingham,71.7,62
625,626,Nottingham,Leicester,48.1,
626,627,Leicester,Northampton,,
628,862,Antwerp,Zeebrugge,101,81
629,902,Martigny,Sion,28.3,
633,842,Bremen,Groningen,179,115
633,991,Bremen,Bremerhaven,67.0,
633,992,Bremen,Walsrode,70.9,
634,635,Orkanger,Vinjeøra,53.4,
635,636,Vinjeøra,Halsa,,
636,637,Halsa,Straumsnes,,
637,638,Straumsnes,Kristiansund Mainland Connection,,
638,639,Kristiansund Mainland Connection,Batnfjordsøra,,
639,640,Batnfjordsøra,Molde,35.3,
641,642,Vestnes,Skodje,44.9,
642,643,Skodje,Ålesund,27.6,
643,644,Ålesund,Volda,70.0,97
643,984,Ålesund,Tresfjord,66.0,61
644,645,Volda,Nordfjordeid,71.3,63
646,647,Sandane,Førde,81.1,74
647,648,Førde,Lavik,60.0,
649,650,Instefjord,Knarvik,71.2,62
650,651,Knarvik,Bergen,28.7,
651,652,Bergen,Os,,
651,813,Bergen,Arna,,
653,654,Stord,Sveio,,
654,655,Sveio,Aksdal,33.6,
655,656,Aksdal,Bokn,32.2,
657,658,Rennesøy,Randaberg,16.1,
658,659,Randaberg,Stavanger,11.3,
659,660,Stavanger,Sandnes,16.1,
660,661,Sandnes,Helleland,57.0,
661,662,Helleland,Flekkefjord,58.5,
662,663,Flekkefjord,Lyngdal,54.3,60
663,664,Lyngdal,Mandal,,
664,665,Mandal,Kristiansand,,
665,824,Kristiansand,Arendal,65.5,
666,667,Hirtshals,Hjørring,17.5,
667,668,Hjørring,Nørresundby,48.9,
671,672,Stuttgart,Schaffhausen,168,108
671,673,Stuttgart,Ulm,,
673,674,Ulm,Lindau,,
674,890,Lindau,Waldshut,144,125
675,676,Buchs,Chur,44.1,
676,677,Chur,San Bernardino,,
679,680,Puttgarden,Oldenburg in Holstein,35.2,
680,681,Oldenburg in Holstein,Lübeck,59.1,
682,683,Halle,Plauen,157,114
682,1026,Halle,Tournai,739,445
683,684,Plauen,Schönberg,308,188
683,692,Plauen,Hof,30.8,
684,685,Schönberg,Vojtanov,271,168
685,686,Vojtanov,Cheb,13.0,
686,687,Cheb,Karlovy Vary,46.2,
686,887,Cheb,Marktredwitz,29.2,
687,1030,Karlovy Vary,Teplice,102,86
688,689,České Budějovice,Halámky,49.7,
688,1043,České Budějovice,Humpolec,115,88
691,692,Hirschberg,Hof,17.3,
692,693,Hof,Bayreuth,55.8,
693,886,Bayreuth,Schweinfurt,112,75
693,887,Bayreuth,Marktredwitz,51.7,
694,695,Bayerisch Eisenstein,Deggendorf,51.6,
696,697,Liezen,Sankt Michael,119,89
696,1081,Liezen,Altenmarkt im Pongau,72.8,60
697,698,Sankt Michael,Graz,178,141
698,699,Graz,Maribor,68.5,
698,700,Graz,Spielfeld,49.7,
698,907,Graz,Klagenfurt,136,92
698,908,Graz,Veszprém,240,173
699,700,Maribor,Spielfeld,22.8,
701,702,Karavanke Tunnel,Naklo,57.6,
702,1082,Naklo,Loiblpass,28.2,
703,704,Kemijärvi,Posio,98.1,86
704,705,Posio,Kuusamo,58.4,
705,706,Kuusamo,Kajaani,247,176
706,707,Kajaani,Iisalmi,87.4,70
707,708,Iisalmi,Kuopio,87.5,66
709,710,Tampere,Turku,163,129
709,809,Tampere,Vaasa,240,188
709,811,Tampere,Hämeenlinna,78.9,
710,810,Turku,Pori,140,112
711,728,Riga,Šiauliai,132,113
711,845,Riga,Ventspils,189,146
711,846,Riga,Rēzekne,240,186
712,713,Kłodzko,Kudowa-Zdrój,37.2,
713,714,Kudowa-Zdrój,Náchod,7.1,
714,715,Náchod,Hradec Králové,42.3,
715,1031,Hradec Králové,Olomouc,143,118
717,736,Miskolc,Debrecen,114,78
720,721,Szekszárd,Mohács,48.4,
721,722,Mohács,Osijek,64.6,
722,723,Osijek,Đakovo,52.2,
722,1092,Osijek,Sombor,71.6,76
723,724,Đakovo,Šamac,39.3,
724,725,Šamac,Zenica,144,134
725,726,Zenica,Mostar,183,154
725,1091,Zenica,Donji Vakuf,62.2,75
725,1116,Zenica,Sarajevo,72.6,63
726,727,Mostar,Metković,51.2,
728,729,Šiauliai,Tolpaki,200,165
728,1009,Šiauliai,Palanga,149,117
728,1010,Šiauliai,Panevėžys,79.2,70
729,730,Tolpaki,Kaliningrad,59.1,
729,859,Tolpaki,Nesterov,83.4,70
733,734,Trstená,Ružomberok,53.6,
734,735,Ružomberok,Zvolen,71.5,66
736,737,Debrecen,Berettyóújfalu,44.0,
738,739,Beiuş,Deva,,
739,740,Deva,Petroşani,,
739,752,Deva,Sibiu,,
739,910,Deva,Arad,,
740,741,Petroşani,Târgu Jiu,58.0,63
743,744,Vidin,Vraca,124,108
744,745,Vraca,Botevgrad,49.6,
745,755,Botevgrad,Jablanica,747,635
746,747,Blagoevgrad,Serres,127,104
748,749,Halmeu,Satu Mare,35.2,
749,750,Satu Mare,Zalău,93.0,92
751,752,Sebeş,Sibiu,59.8,
752,753,Sibiu,Piteşti,161,164
754,755,Pleven,Jablanica,847,708
756,757,Izmail,Reni,68.6,61
757,758,Reni,Galaţi,25.4,
758,759,Galaţi,Tulcea,83.9,111
758,1069,Galaţi,Giurgiuleşti,18.6,
760,761,Burgas,Malko Tarnovo,73.8,63
761,762,Malko Tarnovo,Dereköy,20.3,
762,763,Dereköy,Kırklareli,36.0,
763,764,Kırklareli,Babaeski,36.0,
764,765,Babaeski,Havsa,28.9,
765,766,Havsa,Keşan,101,81
766,922,Keşan,Tekirdağ,97.8,75
767,768,Ayvalık,İzmir,156,110
768,769,İzmir,Selçuk,79.3,
768,935,İzmir,Usak,220,170
768,1156,İzmir,Manisa,38.5,
768,1157,İzmir,Çeşme,86.8,61
769,770,Selçuk,Aydın,134,127
770,771,Aydın,Denizli,84.3,93
771,772,Denizli,Acıpayam,56.5,
772,773,Acıpayam,Korkuteli,122,87
773,774,Korkuteli,Antalya,67.1,79
776,777,Toprakkale,İskenderun,71.7,
777,778,İskenderun,Antakya,62.0,71
778,779,Antakya,Yayladağı,43.0,
779,780,Yayladağı,Syria,475,347
781,782,Kherson,Dzhankoy,202,175
781,897,Kherson,Mykolaiv,71.2,72
781,898,Kherson,Melitopol,231,213
783,784,Sochi,Sukhumi,148,144
784,785,Sukhumi,Zugdidi,98.7,92
786,787,Şanlıurfa,Diyarbakır,178,135
787,788,Diyarbakır,Bitlis,205,168
788,789,Bitlis,Doğubeyazit,280,219
789,790,Doğubeyazit,Iğdir,51.6,
790,791,Iğdir,Dilucu,114,91
791,792,Dilucu,Sadarak,68.0,
792,949,Sadarak,Nakhchivan,100,83
793,794,Jönköping,Linköping,128,89
794,795,Linköping,Norrköping,44.1,
795,796,Norrköping,Södertälje,130,87
795,844,Norrköping,Kalmar,245,175
797,798,Uppsala,Sundsvall,311,205
798,799,Sundsvall,Örnsköldsvik,155,118
799,800,Örnsköldsvik,Umeå,110,83
801,802,Haparanda,Tornio,1.8,
802,807,Tornio,Kolari,,
803,804,Tromsø,Nordkjosbotn,71.3,64
804,805,Nordkjosbotn,Skibotn,46.7,
805,806,Skibotn,Kilpisjärvi,49.3,
806,807,Kilpisjärvi,Kolari,,
808,809,Kokkola,Vaasa,121,94
809,810,Vaasa,Pori,192,144
813,814,Arna,Voss,,
814,815,Voss,Lærdal,121,123
815,816,Lærdal,Tyin,48.4,
816,817,Tyin,Fagernes,85.6,84
817,818,Fagernes,Hønefoss,127,111
818,819,Hønefoss,Sandvika,42.9,
821,822,Stranraer,Gretna,,
822,823,Gretna,Carlisle,1806,991
824,825,Arendal,Porsgrunn,111,85
825,826,Porsgrunn,Larvik,26.0,
826,827,Larvik,Sandefjord,18.0,
827,828,Sandefjord,Horten,42.0,
828,829,Horten,Drammen,54.5,
829,983,Drammen,Kongsberg,39.4,
830,831,Askim,Karlstad,166,124
832,833,Västerås,Stockholm/Kapellskär,175,119
835,836,Kotka,Vaalimaa,67.9,
836,837,Vaalimaa,Vyborg,60.9,63
838,839,Holyhead,Chester,,
839,840,Chester,Warrington,61.4,
842,987,Groningen,Hoogeveen,63.5,
843,993,Sassnitz,Stralsund,51.7,
846,847,Rēzekne,Velikiye Luki,222,164
846,996,Rēzekne,Daugavpils,89.4,72
846,997,Rēzekne,Ostrov,,
848,849,Vladimir,Nizhny Novgorod,,
849,850,Nizhny Novgorod,Kazan,394,344
850,851,Kazan,Yelabuga,211,156
851,852,Yelabuga,Perm,,
852,853,Perm,Yekaterinburg,,
853,854,Yekaterinburg,Tyumen,323,273
856,857,Koszalin,Słupsk,68.3,66
857,858,Słupsk,Gdynia,109,105
859,860,Nesterov,Marijampolė,55.1,
862,1027,Zeebrugge,Jabbeke,25.0,
867,868,Aktobe,Karabutak,226,208
868,869,Karabutak,Aral,,
869,870,Aral,Novokazalinsk,,
871,872,Dunkirk,Lille,79.3,
872,873,Lille,Mons,77.4,
873,874,Mons,Charleroi,,
874,875,Charleroi,Namur,,
874,1028,Charleroi,Nivelles,,
876,877,St. Vith,Wittlich,78.6,
877,878,Wittlich,Bingen,105,79
878,879,Bingen,Wiesbaden,34.0,
880,881,Amiens,Charleville-Mézières,233,155
882,883,Trier,Koblenz,130,83
884,885,Caen,Rouen,131,89
884,1023,Caen,Saint-Brieuc,230,145
891,892,Regensburg,Passau,120,80
892,893,Passau,Wels,,
893,1044,Wels,Braunau am Inn,,
894,895,Iaşi,Sculeni,26.1,
894,1065,Iaşi,Săbăoani,77.1,76
894,1066,Iaşi,Bălţi,85.6,95
895,896,Sculeni,Chişinău,126,122
896,1064,Chişinău,Leuşeni,75.2,80
896,1069,Chişinău,Giurgiuleşti,216,206
898,899,Melitopol,Taganrog,306,277
900,901,Poitiers,Mâcon,412,301
902,903,Sion,Simplon,74.1,67
903,904,Simplon,Gravellona Toce,73.2,61
905,906,Innichen,Spittal an der Drau,112,101
907,1082,Klagenfurt,Loiblpass,30.7,
908,909,Veszprém,Székesfehérvár,46.8,
911,912,Cuneo,Asti,,
913,914,Pisa,Migliarino,245,157
915,916,Grosseto,Arezzo,134,111
916,917,Arezzo,Sansepolcro,36.8,
918,919,Vila Real,Bragança,118,74
918,1128,Vila Real,Viseu,97.1,67
918,1129,Vila Real,Chaves,66.6,
919,920,Bragança,Zamora,127,113
919,1131,Bragança,Guarda,179,121
920,921,Zamora,Tordesillas,69.8,
922,923,Tekirdağ,Silivri,71.9,
924,925,Kristalopigi,Florina,49.3,
925,926,Florina,Vévi,20.1,
926,927,Vévi,Géfira,729,474
928,929,Yozgat,Sivas,224,162
929,930,Sivas,Refahiye,178,137
933,934,Megara,Attiki Odos,,
935,936,Usak,Afyonkarahisar,110,84
936,937,Afyonkarahisar,Sivrihisar,130,99
938,939,Topboğazi,Kırıkhan,11.1,
939,940,Kırıkhan,Reyhanlı,37.6,
940,941,Reyhanlı,Cilvegözü,8.8,
942,943,Sadakhlo,Bagratashen,7.7,
943,944,Bagratashen,Vanadzor,87.8,132
945,946,Saatly Rayon,Mehgri,420,441
946,947,Mehgri,Ordubad,156,163
947,948,Ordubad,Djulfa,39.4,
948,949,Djulfa,Nakhchivan,46.8,
950,952,Uchkuduk,Kzylorda,1247,964
954,955,Kokand,Andijan,132,132
955,956,Andijan,Osh,,
957,958,Kulob,Kalaikhumb,170,189
958,959,Kalaikhumb,Khorugh,241,292
959,960,Khorugh,Murghab,317,293
959,962,Khorugh,Ishkoshim,108,121
960,961,Murghab,Kulma,,
962,963,Ishkoshim,Lyanga,,
963,964,Lyanga,China,,
965,966,Kokpek,Kegen,78.6,64
965,968,Kokpek,Chundzha,69.0,
966,967,Kegen,Tyup,105,94
968,969,Chundzha,Koktal,516,366
969,970,Koktal,Khorgas,,
971,972,Usharal,Druzhba,164,211
974,975,Zapadnoe,Zhaksy,,
974,978,Zapadnoe,Petropavl,,
975,976,Zhaksy,Atbasar,86.5,70
979,980,Haugesund,Røldal,138,132
980,981,Røldal,Haukeli,55.4,
981,982,Haukeli,Seljord,88.1,79
982,983,Seljord,Kongsberg,82.1,82
984,985,Tresfjord,Åndalsnes,54.2,
987,988,Hoogeveen,Haselünne,71.2,
988,989,Haselünne,Cloppenburg,46.6,
990,991,Cuxhaven,Bremerhaven,42.9,
993,994,Stralsund,Neubrandenburg,102,66
995,996,Ukmergė,Daugavpils,140,122
995,1010,Ukmergė,Panevėžys,66.6,
998,999,Tartu,Võru,71.3,
998,1001,Tartu,Jõhvi,129,95
998,1002,Tartu,Valga,85.1,66
999,1000,Võru,Luhamaa,,
1002,1003,Valga,Valka,4.1,
1003,1004,Valka,Valmiera,49.0,
1004,1005,Valmiera,Incukalns,74.0,65
1006,1007,Keila,Paldiski,23.0,
1011,1012,Breda,Gorinchem,38.0,
1011,1013,Breda,Flushing,,
1014,1015,Hasselt,Heerlen,56.8,
1016,1017,Barwinek,Vyšný Komárnik,498,330
1017,1018,Vyšný Komárnik,Svidník,17.2,
1019,1020,Lublin,Kovel,159,132
1021,1022,Trosna,Glukhkov,168,134
1024,1025,Roeselare,Kortrijk,23.6,
1025,1026,Kortrijk,Tournai,35.4,
1031,1033,Olomouc,Český Těšín,114,84
1034,1035,Courtney,Troyes,,
1038,1039,Memmingen,Füssen,71.7,
1040,1041,Garmisch-Partenkirchen,Mittenwald,18.1,
1041,1042,Mittenwald,Seefeld,15.5,
1046,1047,Nyíregyháza,Chop,,
1049,1050,Dunajská Streda,Medveďov,29.9,
1050,1051,Medveďov,Vámosszabadi,6.6,
1054,1055,Sărăţel,Reghin,48.7,
1055,1056,Reghin,Topliţa,69.7,64
1056,1057,Topliţa,Gheorgheni,36.3,
1057,1058,Gheorgheni,Miercurea-Ciuc,56.3,
1058,1059,Miercurea-Ciuc,Sfântu Gheorghe,69.6,67
1059,1060,Sfântu Gheorghe,Chichiş,14.5,
1061,1062,Tişiţa,Tecuci,25.8,
1062,1063,Tecuci,Albiţa,137,127
1063,1064,Albiţa,Leuşeni,10.5,
1066,1067,Bălţi,Mohyliv-Podilskyi,109,107
1070,1071,Krasnodar,Djoubga,,
1073,1074,Saintes,Angoulême,72.2,68
1074,1075,Angoulême,Limoges,104,84
1076,1077,Digoin,Chalon-sur-Saône,88.2,64
1079,1080,St. Johann in Tirol,Lofer,24.3,
1084,1085,Balatonkeresztúr,Nagyatád,60.7,
1085,1086,Nagyatád,Barcs,,
1086,1087,Barcs,Virovitica,,
1087,1088,Virovitica,Okučani,93.8,91
1088,1089,Okučani,Banja Luka,66.8,65
1089,1090,Banja Luka,Jajce,70.9,74
1090,1091,Jajce,Donji Vakuf,34.9,
1090,1115,Jajce,Bihać,152,131
1093,1094,Lugoj,Ilia,,
1095,1096,Negru Vodă,Kardam,,
1097,1098,Ashtarak,Gyumri,98.5,98
1098,1099,Gyumri,Ashotsk,34.9,
1099,1100,Ashotsk,Akhalkalaki,55.1,78
1100,1101,Akhalkalaki,Akhaltsikhe,71.3,82
1101,1102,Akhaltsikhe,Vale  Georgia,12.1,
1102,1103,Vale  Georgia,Türkgözü,9.4,
1103,1104,Türkgözü,Posof,21.2,
1104,1105,Posof,Kars,,
1105,1106,Kars,Horasan,,
1107,1108,Supsa,Lanchkhuti,21.4,
1109,1111,Grenoble,Valence,,
1113,1114,Pula,Koper,102,79
1116,1117,Sarajevo,Užice,183,185
1117,1118,Užice,Čačak,56.7,60
1118,1119,Čačak,Kraljevo,38.3,
1118,1124,Čačak,Nova Varoš,122,126
1119,1120,Kraljevo,Kruševac,61.0,67
1120,1121,Kruševac,Pojate,23.6,
1121,1122,Pojate,Paraćin,13.6,
1122,1123,Paraćin,Zaječar,88.0,77
1127,1128,Coimbra,Viseu,91.6,74
1129,1130,Chaves,Verín,26.7,
1129,1140,Chaves,Famalicão,133,85
1131,1132,Guarda,Castelo Branco,99.3,72
1132,1133,Castelo Branco,Portalegre,97.0,74
1132,1142,Castelo Branco,Abrantes,91.9,62
1133,1134,Portalegre,Évora,103,76
1134,1135,Évora,Beja,81.5,63
1135,1136,Beja,Ourique,58.9,
1137,1138,Salamanca,Mérida,,
1141,1142,Torres Novas,Abrantes,34.8,
1145,1146,Avellino,Benevento,44.9,
1147,1148,Spezzano Albanese,Sybaris,,
1151,1152,Sant'Eufemia Lamezia,Catanzaro,37.4,
1155,1156,Balıkesir,Manisa,153,111
1158,1159,Jaén,Granada,93.2,63
1160,1161,Buonfornello,Enna,90.0,64
1162,1163,Alcamo,Trapani,49.9,
1164,1165,Arta,Agrinio,85.4,62
1165,1166,Agrinio,Messolonghi,37.5,
1167,1168,Aktio,Vonitsa,,
1168,1169,Vonitsa,Amfilochia,36.3,
1169,1170,Amfilochia,Karpenisi,116,148
1171,1172,Sparti,Gytheio,43.2,
1173,1174,Eleusina,Thebes,51.5,
